,LM_1.034e-05,LM_1.285e-05,LM_1.634e-05,LM_2.084e-05,LM_2.634e-05,LM_3.335e-05,LM_4.234e-05,LM_5.384e-05,LM_6.834e-05,LM_8.634e-05,LM_0.0001088,LM_0.0001428,LM_0.0001858,LM_0.0002288,LM_0.0002718,LM_0.0003363,LM_0.0004223,LM_0.0005298,HM_5.021e-05,HM_5.571e-05,HM_6.272e-05,HM_7.171e-05,HM_8.321e-05,HM_9.771e-05,HM_0.0001157,HM_0.0001382,HM_0.0001722,HM_0.0002152,HM_0.0002582,HM_0.0003012,HM_0.0003657,HM_0.0004517,HM_0.0005592,HM_0.0007092,HM_0.0009017,HM_0.001138,HM_0.001437,HM_0.001821,HM_0.002292,HM_0.002848,HM_0.003534
0,-3.0100416502026892e-09,-2.2623157162587573e-09,-1.6036550285794904e-09,-1.1645461777342983e-09,-8.34317453185366e-10,-5.756896795913528e-10,-3.9595923717070044e-10,-2.6887518967639793e-10,-1.8469833320298858e-10,-1.3275214894993285e-10,-9.522801651674854e-11,-6.507784028272486e-11,-4.8076480650775585e-11,-3.9217569566412965e-11,-3.0713886698415394e-11,-2.386153691331684e-11,-1.7168441841550946e-11,-1.2021264765498356e-11,-6.663961456818187e-10,-5.284457321912878e-10,-4.271176171266877e-10,-3.3168854248224104e-10,-2.5291959832131787e-10,-1.9243897547790793e-10,-1.4688283268393156e-10,-1.1300833545981628e-10,-9.293062016133627e-11,-7.389510295548976e-11,-5.780963847856742e-11,-4.876705248096967e-11,-3.711462837236088e-11,-2.7447795638343654e-11,-2.0172218522297462e-11,-1.4059150673696137e-11,-9.485654725454538e-12,-6.304198163753581e-12,-4.693605359164549e-12,-3.11664615365946e-12,-1.9943342935325083e-12,-1.2549086566900968e-12,-7.49498396512759e-13
1,-3.2267101778516377e-09,-2.4061372847895854e-09,-1.6877863471849241e-09,-1.215288324042458e-09,-8.640233333631869e-10,-5.921307057740864e-10,-4.058037412980612e-10,-2.7546703475817277e-10,-1.897893294941874e-10,-1.3700176975006923e-10,-9.875736027339741e-11,-6.782386536517578e-11,-5.022363463484874e-11,-4.0987111323416154e-11,-3.2119203835938407e-11,-2.494299208370166e-11,-1.7926388609300353e-11,-1.2523970234033335e-11,-6.854737979635397e-10,-5.422958943401868e-10,-4.3805918620331403e-10,-3.4019416293999807e-10,-2.597186381687703e-10,-1.9803638315291106e-10,-1.5154920703325865e-10,-1.1688529711055257e-10,-9.62096585074446e-11,-7.655330052869635e-11,-5.992954421289199e-11,-5.054574153550975e-11,-3.8447177667013494e-11,-2.838857347049876e-11,-2.081325407888627e-11,-1.4454525035941557e-11,-9.710194591152228e-12,-6.4244102040104545e-12,-4.773355385603377e-12,-3.1597427269081934e-12,-2.016286399702605e-12,-1.2659567245133154e-12,-7.548421481976668e-13
2,-3.3291645885173454e-09,-2.4868012332669424e-09,-1.7490767683168405e-09,-1.262359370117925e-09,-8.993625410476527e-10,-6.173963920180423e-10,-4.233159857564791e-10,-2.8709016304101033e-10,-1.9733983411298347e-10,-1.4205078931305648e-10,-1.0206935994054174e-10,-6.98494643118813e-11,-5.1609981574208113e-11,-4.207972322817601e-11,-3.2931189389730415e-11,-2.555187792105536e-11,-1.8345118941468173e-11,-1.2806913404046483e-11,-7.111427648500925e-10,-5.626814559077223e-10,-4.543057553681035e-10,-3.5247090025121475e-10,-2.6865966808162016e-10,-2.044239491741672e-10,-1.5606356322358968e-10,-1.2008049158933175e-10,-9.871264577276492e-11,-7.843813773813046e-11,-6.130333173511483e-11,-5.1664167980515516e-11,-3.9244040226632105e-11,-2.894446537396004e-11,-2.12042790409046e-11,-1.4717689127510084e-11,-9.883266165676849e-12,-6.537140949527321e-12,-4.856107933319932e-12,-3.213256902060715e-12,-2.049238875301118e-12,-1.2856577747067173e-12,-7.657625486875381e-13
3,-3.4480490391450912e-09,-2.5815038258506744e-09,-1.8219461802665261e-09,-1.3186875260400077e-09,-9.417645572243656e-10,-6.47667906960337e-10,-4.441584853416139e-10,-3.007646491547752e-10,-2.0609343945752754e-10,-1.4783105965339642e-10,-1.058188795503635e-10,-7.212649105693454e-11,-5.31688440799671e-11,-4.331154878080773e-11,-3.3850560123810964e-11,-2.6244892012006874e-11,-1.8825509088420816e-11,-1.3134246759143055e-11,-7.425535799907495e-10,-5.873281112497615e-10,-4.73758357948267e-10,-3.669974380338204e-10,-2.791210248278854e-10,-2.1183723510523066e-10,-1.612852588026189e-10,-1.2378269959417852e-10,-1.0162518026092921e-10,-8.064667019232142e-11,-6.29292534879473e-11,-5.299728551431695e-11,-4.020739808580613e-11,-2.9627005299998364e-11,-2.1691143466550237e-11,-1.504917487405145e-11,-1.0102931562197814e-11,-6.680663502741361e-12,-4.961514714064416e-12,-3.281465566755766e-12,-2.0912455426643364e-12,-1.310776684778801e-12,-7.797501812928363e-13
4,-3.5871492433270345e-09,-2.6930503028028006e-09,-1.9083648251819674e-09,-1.385673414099315e-09,-9.921877772059833e-10,-6.835450210518823e-10,-4.686748686355303e-10,-3.1665569461755953e-10,-2.1610885486519648e-10,-1.5435026075199091e-10,-1.0998819777389167e-10,-7.462836603720002e-11,-5.4875135288122787e-11,-4.4660963579019085e-11,-3.4859094591688616e-11,-2.7007928475890647e-11,-1.935796714003966e-11,-1.3500457089062028e-11,-7.793590821172314e-10,-6.160702505928674e-10,-4.963285105726943e-10,-3.837376197354975e-10,-2.910866669982024e-10,-2.2026166140398914e-10,-1.671917856032161e-10,-1.279623808913201e-10,-1.0491621096413986e-10,-8.314808284492092e-11,-6.477733492680115e-11,-5.451740335776092e-11,-4.131303586006171e-11,-3.0416670841208556e-11,-2.225868969167523e-11,-1.543859705930815e-11,-1.0362579066949505e-11,-6.8507920288387846e-12,-5.086310418919996e-12,-3.362023852308762e-12,-2.1406887220934205e-12,-1.3402060288371123e-12,-7.960497740142608e-13
5,-3.764339673750854e-09,-2.8319691794301455e-09,-2.013761661377886e-09,-1.4664026041187017e-09,-1.0524115730913816e-09,-7.26053629906988e-10,-4.975256736387247e-10,-3.3521849769170876e-10,-2.2771499866077453e-10,-1.618572799968842e-10,-1.1476829663877562e-10,-7.750104696490231e-11,-5.685062889262045e-11,-4.6236408702544916e-11,-3.605232343047996e-11,-2.7924167923928956e-11,-2.0011964313317224e-11,-1.3961770184095022e-11,-8.24965466776052e-10,-6.516536631582733e-10,-5.24264661742472e-10,-4.0445399066119335e-10,-3.0589132719387786e-10,-2.3067698877644458e-10,-1.7448312676617605e-10,-1.3311383987496737e-10,-1.0897477240906825e-10,-8.623997127609082e-11,-6.707015916670928e-11,-5.641130831138915e-11,-4.2702729273003914e-11,-3.142166511618422e-11,-2.2990938783684766e-11,-1.594818322185736e-11,-1.0705825910080257e-11,-7.07637339311415e-12,-5.251371872558864e-12,-3.467997429091441e-12,-2.2051515301505696e-12,-1.3781932838452415e-12,-8.168331782155184e-13
6,-4.00086291197621e-09,-3.010424434567614e-09,-2.1440411496084077e-09,-1.56416064387715e-09,-1.1244746279202978e-09,-7.766860956141305e-10,-5.320526451681703e-10,-3.57710825642988e-10,-2.4204174045028706e-10,-1.7130475670563035e-10,-1.209171650963051e-10,-8.128871164291923e-11,-5.949557223237364e-11,-4.835860535924282e-11,-3.767462865221177e-11,-2.917644399235681e-11,-2.0911001958598388e-11,-1.4597373452925302e-11,-8.760957384430955e-10,-6.913156901320562e-10,-5.55391803477916e-10,-4.275890175747979e-10,-3.225462595371724e-10,-2.425386228867704e-10,-1.8292209467964083e-10,-1.3918667366631414e-10,-1.1381414962433334e-10,-8.997634601337177e-11,-6.989055293650531e-11,-5.87622113606547e-11,-4.4456609165000355e-11,-3.270728390564012e-11,-2.3934559845968175e-11,-1.6605357722770466e-11,-1.114532383627545e-11,-7.361024463135311e-12,-5.457580206348005e-12,-3.59812741491053e-12,-2.282765671263922e-12,-1.4229984653339531e-12,-8.408259017809269e-13
7,-4.333512776781639e-09,-3.2529291690655494e-09,-2.3128917610879314e-09,-1.686286225620866e-09,-1.211725437132706e-09,-8.363925718532938e-10,-5.722137849223809e-10,-3.8381092655250337e-10,-2.5882379043849653e-10,-1.8254876593461182e-10,-1.28394269453739e-10,-8.602671153076684e-11,-6.287395845707892e-11,-5.1097353895110455e-11,-3.980092565151436e-11,-3.083584255435241e-11,-2.2118256619486222e-11,-1.5458538085938973e-11,-9.387191688254369e-10,-7.395710842678449e-10,-5.932372398957445e-10,-4.5576382007685614e-10,-3.429469085872217e-10,-2.5719904187203046e-10,-1.9346985029324944e-10,-1.4686887048407885e-10,-1.1997508451334228e-10,-9.476387309787346e-11,-7.353386537552367e-11,-6.180847888830066e-11,-4.6741154932413146e-11,-3.438570864480638e-11,-2.516494177159831e-11,-1.745801552982544e-11,-1.171067508077164e-11,-7.723557811200816e-12,-5.71926449338513e-12,-3.7624272510461256e-12,-2.3805115009816675e-12,-1.4794762661494796e-12,-8.712075835454311e-13
8,-4.758759035051857e-09,-3.5563638572671315e-09,-2.51591881873468e-09,-1.8272487580936261e-09,-1.3081783063703359e-09,-8.994465847886488e-10,-6.13220452828416e-10,-4.09977063579697e-10,-2.7572880718197997e-10,-1.9414160202219977e-10,-1.3638621826828097e-10,-9.134298140579214e-11,-6.678745059501146e-11,-5.430819142193586e-11,-4.2337339816879456e-11,-3.282976794974853e-11,-2.3577054696548874e-11,-1.6496091366663604e-11,-1.0080093499769733e-09,-7.920972610029307e-10,-6.34185015768123e-10,-4.861628361062678e-10,-3.651006382272489e-10,-2.7340469478445093e-10,-2.054610861641343e-10,-1.5589532180201939e-10,-1.2733881779601395e-10,-1.0058221343940139e-10,-7.805192938588199e-11,-6.561145153058683e-11,-4.9623947528952995e-11,-3.6509241099546766e-11,-2.671373501026614e-11,-1.851835078314302e-11,-1.2402152207613154e-11,-8.15950761665452e-12,-6.031919013751211e-12,-3.956766430122922e-12,-2.4951575767940908e-12,-1.545302039474695e-12,-9.064077553464797e-13
9,-5.291938915341035e-09,-3.9333289180300874e-09,-2.7617112738491614e-09,-1.9921286370832044e-09,-1.4161391440719388e-09,-9.660997341874298e-10,-6.542111882977735e-10,-4.34915470498941e-10,-2.9149867480762816e-10,-2.0505015117835293e-10,-1.441082036757641e-10,-9.66977885420287e-11,-7.083972920791294e-11,-5.766729390704564e-11,-4.5029658802030007e-11,-3.4960503781187026e-11,-2.5146031097402587e-11,-1.761403617410124e-11,-1.08429537311033e-09,-8.481684483143488e-10,-6.769552548315871e-10,-5.171329300310986e-10,-3.872514963739031e-10,-2.8950062441638306e-10,-2.1744976666673445e-10,-1.650636272113002e-10,-1.348956372732985e-10,-1.0661870244670932e-10,-8.280096011625159e-11,-6.962897694740152e-11,-5.2694904753412905e-11,-3.8781156433039697e-11,-2.837174831783364e-11,-1.965112338961578e-11,-1.3138300424380852e-11,-8.621565412947843e-12,-6.3621718868776355e-12,-4.160682833631502e-12,-2.614270399910044e-12,-1.612783984481859e-12,-9.418528126894024e-13
10,-5.820243408471598e-09,-4.304430803365625e-09,-2.9968885233361567e-09,-2.143126385770949e-09,-1.5089655791622294e-09,-1.018145977751683e-09,-6.826425317850128e-10,-4.499858810491493e-10,-3.0003497062628435e-10,-2.1075882985522464e-10,-1.482234914942073e-10,-9.975593635849537e-11,-7.329909571069545e-11,-5.97722945766971e-11,-4.6791837692287916e-11,-3.64002888279473e-11,-2.6248430697538778e-11,-1.8425532534619568e-11,-1.1440761643976775e-09,-8.895726572683239e-10,-7.070417977728841e-10,-5.375863747188813e-10,-4.0104904863298626e-10,-2.991881042274825e-10,-2.2466454032061548e-10,-1.7074302054637958e-10,-1.3969950681835618e-10,-1.1057953243358323e-10,-8.603733191360462e-11,-7.242398860335206e-11,-5.490960081042669e-11,-4.047418788414331e-11,-2.96392725252543e-11,-2.0536433116049265e-11,-1.3723144356021508e-11,-8.992587827074535e-12,-6.628106292187978e-12,-4.325566851924637e-12,-2.7108609806576785e-12,-1.6675994831230546e-12,-9.70672476720468e-13
11,-6.4424237402831905e-09,-4.747869796616186e-09,-3.2803492592313306e-09,-2.3250926054838645e-09,-1.6203352970171763e-09,-1.0800471100818975e-09,-7.161251895256855e-10,-4.675990639857879e-10,-3.100116138804461e-10,-2.1745405161910108e-10,-1.5305348002600353e-10,-1.033210427834634e-10,-7.614119853773634e-11,-6.219131450324917e-11,-4.880198363523813e-11,-3.803324725702119e-11,-2.7489994446412962e-11,-1.9333998127242535e-11,-1.214926961901865e-09,-9.386145973650192e-10,-7.425989891661849e-10,-5.616378691496117e-10,-4.171180671385406e-10,-3.103157167221024e-10,-2.3282693449452092e-10,-1.7708034284694697e-10,-1.4501614540664349e-10,-1.1492191840303242e-10,-8.954611758675719e-11,-7.543496364450194e-11,-5.7269074233704885e-11,-4.225840461304863e-11,-3.096293021078183e-11,-2.1452799205637683e-11,-1.4324224162863503e-11,-9.372182617144202e-12,-6.90023381465003e-12,-4.494537145043924e-12,-2.810332746251394e-12,-1.724552981138918e-12,-1.0010426056744855e-12
12,-6.930229770329711e-09,-5.104277886076419e-09,-3.5137890732461896e-09,-2.4773458810414975e-09,-1.7149741501944069e-09,-1.1337093890541338e-09,-7.458963812002289e-10,-4.838606887040387e-10,-3.1964635416960023e-10,-2.2413331643577323e-10,-1.5797533405190624e-10,-1.0697777907124396e-10,-7.904364725128055e-11,-6.464698291783513e-11,-5.0825983124410034e-11,-3.9660863824048076e-11,-2.8708707796428542e-11,-2.0209054993795268e-11,-1.2737005742614324e-09,-9.803001578107475e-10,-7.734934760996497e-10,-5.831553268097307e-10,-4.3189978724679046e-10,-3.2075666337305895e-10,-2.405867284935026e-10,-1.8316710073148903e-10,-1.5013810693915123e-10,-1.1910882400379196e-10,-9.2929956504382e-11,-7.833084354789827e-11,-5.95257841180532e-11,-4.3948998672094966e-11,-3.220204104588675e-11,-2.229694880569628e-11,-1.4867081560594487e-11,-9.70775190203132e-12,-7.138310616256303e-12,-4.63975578869711e-12,-2.894203933905034e-12,-1.7716454411688447e-12,-1.0256242762159198e-12
13,-7.20080368276669e-09,-5.300359403559962e-09,-3.6413836982833058e-09,-2.560512406845131e-09,-1.7668978713139617e-09,-1.1635575533298885e-09,-7.629468854775254e-10,-4.936896248562697e-10,-3.259194508867908e-10,-2.287818985123059e-10,-1.6161260371035798e-10,-1.0982355518638386e-10,-8.136645203087974e-11,-6.663659468212046e-11,-5.249279894399925e-11,-4.101626401247627e-11,-2.973711169975042e-11,-2.095507914325774e-11,-1.3071484838542005e-09,-1.0050430627578124e-09,-7.926605679443959e-10,-5.973289873127691e-10,-4.4225550664003013e-10,-3.28443639521179e-10,-2.465131340253699e-10,-1.8795836832170592e-10,-1.5423588606068013e-10,-1.2251533767877314e-10,-9.573618988488343e-11,-8.075401219862987e-11,-6.14429152517884e-11,-4.540345448070589e-11,-3.327826160694574e-11,-2.303574153534813e-11,-1.534493131587191e-11,-1.0004342201467039e-11,-7.349249853510445e-12,-4.769042725736119e-12,-2.969418674148462e-12,-1.8143269697649085e-12,-1.0482458305423736e-12
14,-7.3491381146261864e-09,-5.400086575239239e-09,-3.7024321629072703e-09,-2.599709550024374e-09,-1.7917505375909645e-09,-1.1786978241426345e-09,-7.725451562676988e-10,-5.000461497086362e-10,-3.304998290095001e-10,-2.3239349971155262e-10,-1.6453222851113151e-10,-1.121426003377011e-10,-8.32786813221502e-11,-6.829117005027555e-11,-5.3897638803859434e-11,-4.2178088649439194e-11,-3.0640442653496e-11,-2.1629274286345786e-11,-1.3241341291285074e-09,-1.0187842254303425e-09,-8.042855758641195e-10,-6.06890761847922e-10,-4.499614020908728e-10,-3.3457314386524733e-10,-2.514209205255756e-10,-1.9199761969500585e-10,-1.5772379799876792e-10,-1.2544968463584274e-10,-9.818776556970474e-11,-8.289182765398162e-11,-6.31639298140789e-11,-4.673537672557438e-11,-3.428343529286574e-11,-2.3740387172009243e-11,-1.580926281343344e-11,-1.0296554233635442e-11,-7.557991146715556e-12,-4.897942526691409e-12,-3.0450711661476528e-12,-1.85774920462725e-12,-1.071663837076572e-12
15,-7.35064753151515e-09,-5.386904247154674e-09,-3.6859507648375815e-09,-2.586918609801476e-09,-1.7835876827789898e-09,-1.1748203294498e-09,-7.716192179725212e-10,-5.008265045468016e-10,-3.319748017335737e-10,-2.339745474545661e-10,-1.6602121788878203e-10,-1.1341923975547114e-10,-8.436576717712059e-11,-6.925043741962576e-11,-5.47328196533555e-11,-4.288915744238926e-11,-3.1216860682471736e-11,-2.208137604404501e-11,-1.3211922977243835e-09,-1.0184147961793242e-09,-8.055723176643365e-10,-6.094113544839076e-10,-4.530034792785401e-10,-3.375496035788063e-10,-2.5407228356530406e-10,-1.9430170381722187e-10,-1.5976130456474244e-10,-1.2720717414639903e-10,-9.969793388708757e-11,-8.423273202181534e-11,-6.427783978951584e-11,-4.763002347143856e-11,-3.49861768996024e-11,-2.425754906054865e-11,-1.6168604027399475e-11,-1.0534586871223362e-11,-7.731722095272045e-12,-5.0089609172565e-12,-3.1122824565944227e-12,-1.897314309140607e-12,-1.0934376386339355e-12
16,-7.241709949083547e-09,-5.27341954636459e-09,-3.591484153294449e-09,-2.519224790705435e-09,-1.740308444739616e-09,-1.1518688206983567e-09,-7.620378862817961e-10,-4.990134580449656e-10,-3.3352976452843847e-10,-2.36344979471897e-10,-1.683639176999348e-10,-1.1530282593341813e-10,-8.585017817011193e-11,-7.05061113664103e-11,-5.5768803048443405e-11,-4.3745939452410725e-11,-3.189566001048577e-11,-2.2616146540894136e-11,-1.299185168272021e-09,-1.0059172954819219e-09,-7.993544684350333e-10,-6.083574277795121e-10,-4.550643686259256e-10,-3.408563768405126e-10,-2.575056779197073e-10,-1.9739261062651424e-10,-1.6247613453427306e-10,-1.2951525024618086e-10,-1.0165195136376719e-10,-8.595849412457922e-11,-6.570301610576127e-11,-4.878329503031956e-11,-3.591404698200637e-11,-2.4971146120625372e-11,-1.6694760245781494e-11,-1.0906694855686624e-11,-8.0115273021654e-12,-5.1961290607122315e-12,-3.2303621320084715e-12,-1.9690838240583212e-12,-1.1339294302529344e-12
17,-7.2278258292301104e-09,-5.256986498117202e-09,-3.5898097398005735e-09,-2.5337661573729016e-09,-1.766408432554254e-09,-1.1841653678247355e-09,-7.942239456726928e-10,-5.270592402626128e-10,-3.555169570187123e-10,-2.5262362400702915e-10,-1.7972109059493572e-10,-1.2231550723941305e-10,-9.04885426110141e-11,-7.404899937659818e-11,-5.826817950128039e-11,-4.554359966702367e-11,-3.307035208152855e-11,-2.3394452240952656e-11,-1.3325944665371902e-09,-1.0389177828650207e-09,-8.301930380484749e-10,-6.360216790458203e-10,-4.785264784149781e-10,-3.5967198226596114e-10,-2.7186077416686614e-10,-2.079714099322139e-10,-1.7082718853755674e-10,-1.3580747392444377e-10,-1.0623877642300175e-10,-8.968369414606397e-11,-6.834944879510563e-11,-5.064398383230899e-11,-3.726442222088957e-11,-2.5942345947278157e-11,-1.739749460081881e-11,-1.1413645490958522e-11,-8.400663522720974e-12,-5.4651851163890854e-12,-3.4062955272098013e-12,-2.079745832726333e-12,-1.1985958878705503e-12
18,-7.574228526857382e-09,-5.589126923025623e-09,-3.8894636508156214e-09,-2.7888477290550193e-09,-1.974122584366504e-09,-1.343760040821776e-09,-9.109052072084929e-10,-6.07686228355088e-10,-4.089802684253751e-10,-2.8821896877173246e-10,-2.024288998710904e-10,-1.352481089126841e-10,-9.865280052164765e-11,-8.016226367041757e-11,-6.243049208952568e-11,-4.844197892976182e-11,-3.4857231913243224e-11,-2.448740005583374e-11,-1.4934055958024413e-09,-1.1701441607877572e-09,-9.365529554514432e-10,-7.177895475719861e-10,-5.386701343994014e-10,-4.02478388443603e-10,-3.014720564927804e-10,-2.2812594613779895e-10,-1.8613329765075192e-10,-1.4686338404177672e-10,-1.1381754011977406e-10,-9.563087685661418e-11,-7.227626041927991e-11,-5.3177921913920277e-11,-3.89429457540641e-11,-2.7027660443857723e-11,-1.8104905490449973e-11,-1.1883014396413279e-11,-8.751741770728868e-12,-5.699890357742857e-12,-3.557051443950693e-12,-2.1743983105310762e-12,-1.2545712186116919e-12
19,-8.263043152516251e-09,-6.176341735528682e-09,-4.363724280603614e-09,-3.164296524250857e-09,-2.2620166346967366e-09,-1.5529904170572444e-09,-1.057209647568674e-09,-7.049147081431752e-10,-4.714823868655324e-10,-3.2904042733682614e-10,-2.2813676698431947e-10,-1.498792117421522e-10,-1.0800868951677252e-10,-8.725766566041173e-11,-6.737391768684827e-11,-5.1960666857482685e-11,-3.709976432888796e-11,-2.5896884917452167e-11,-1.7073175328245313e-09,-1.3399167126526548e-09,-1.071376515446079e-09,-8.189291247758439e-10,-6.112848162020299e-10,-4.531002503276968e-10,-3.3596172115023166e-10,-2.5143067359909703e-10,-2.0385543082588917e-10,-1.5973412567443514e-10,-1.2271819422219025e-10,-1.0266544550328171e-10,-7.69917038034346e-11,-5.626387373597271e-11,-4.0992973716215577e-11,-2.8329855265758692e-11,-1.891693129553596e-11,-1.2388679876744627e-11,-9.117522367820373e-12,-5.931686824196092e-12,-3.698410787695898e-12,-2.2593220740562516e-12,-1.3028875373298548e-12
20,-9.201186823524333e-09,-6.991664841547562e-09,-5.031638445521078e-09,-3.696157204359898e-09,-2.670611200580963e-09,-1.8492416587150662e-09,-1.2626717866212177e-09,-8.394151079574881e-10,-5.560609822995341e-10,-3.8297344374359947e-10,-2.6113989827989204e-10,-1.6801721612219453e-10,-1.193428990216999e-10,-9.578036297513026e-11,-7.322280992608539e-11,-5.6087265221496164e-11,-3.969825511962331e-11,-2.7515291244607403e-11,-2.0047969417659665e-09,-1.575303401660918e-09,-1.2570920586112952e-09,-9.567389677424083e-10,-7.086219339623464e-10,-5.195356677441055e-10,-3.801035103371537e-10,-2.804801995217591e-10,-2.2566080334378772e-10,-1.753653381529396e-10,-1.333225944027796e-10,-1.1098218127898796e-10,-8.247913422356084e-11,-5.981163089167333e-11,-4.33313170082942e-11,-2.9806765881410843e-11,-1.9834242549702702e-11,-1.295806733352123e-11,-9.528783506176506e-12,-6.191658773086285e-12,-3.856526024811565e-12,-2.353964237237566e-12,-1.3564254979387325e-12
21,-1.0234573822404427e-08,-7.930547437359533e-09,-5.828717498289911e-09,-4.342860985908657e-09,-3.1733283053519464e-09,-2.2159424787407705e-09,-1.5163214629178011e-09,-1.003549906619338e-09,-6.571362089729418e-10,-4.4585513287412565e-10,-2.984538811784365e-10,-1.8775221835496895e-10,-1.3135778333203973e-10,-1.0472205262733543e-10,-7.924489283570138e-11,-6.028225854634991e-11,-4.228938709189741e-11,-2.910018167131528e-11,-2.363464523782734e-09,-1.8597344873394413e-09,-1.4807383426534393e-09,-1.1214163334554627e-09,-8.232504091066314e-10,-5.961115677175537e-10,-4.2959488210951755e-10,-3.120591721822425e-10,-2.48990461682339e-10,-1.9181512519484755e-10,-1.4420284370007485e-10,-1.1942114877226771e-10,-8.791670457942518e-11,-6.325487088858048e-11,-4.556570545998086e-11,-3.1200841920869015e-11,-2.069388110968436e-11,-1.3491013424221787e-11,-9.914582412491964e-12,-6.436589825497068e-12,-4.006356343941469e-12,-2.4442721416939015e-12,-1.4079061312974663e-12
22,-1.1096216811587128e-08,-8.779525569391244e-09,-6.597209064005608e-09,-4.9892896922351304e-09,-3.6890456723594493e-09,-2.599446310715345e-09,-1.783775284408716e-09,-1.176279214909744e-09,-7.620758434733917e-10,-5.098402920010159e-10,-3.354121903481118e-10,-2.066401241361316e-10,-1.4259920857009199e-10,-1.1301494353791781e-10,-8.473879069120712e-11,-6.406274032339269e-11,-4.45779700030633e-11,-3.0469418206211654e-11,-2.7263926414780025e-09,-2.150916921961727e-09,-1.7106158813162804e-09,-1.290968480775399e-09,-9.40752747686039e-10,-6.737280080904409e-10,-4.788796989918464e-10,-3.428293500579511e-10,-2.7145732895015463e-10,-2.0745839573622178e-10,-1.5434301252079598e-10,-1.2721073100101116e-10,-9.282823967608792e-11,-6.629641014426897e-11,-4.750133276967475e-11,-3.23882882624727e-11,-2.141983957947448e-11,-1.3942685123958008e-11,-1.0243679405080082e-11,-6.647961195703724e-12,-4.137378656131409e-12,-2.524095022537439e-12,-1.4537689770597201e-12
23,-1.1303202910845402e-08,-9.109281813671649e-09,-6.983807690031433e-09,-5.357999099556658e-09,-4.009880907808391e-09,-2.8547035560197635e-09,-1.969236702576908e-09,-1.2986133692567125e-09,-8.362464184490216e-10,-5.541798739083381e-10,-3.6017644572365273e-10,-2.186889994052784e-10,-1.4952004816089063e-10,-1.1804522696584056e-10,-8.797645694452646e-11,-6.62390287210429e-11,-4.5843046099346596e-11,-3.119131719177036e-11,-2.9566818958702577e-09,-2.34258361950124e-09,-1.8647666280664447e-09,-1.4066248951556854e-09,-1.0215091531423916e-09,-7.268553303795436e-10,-5.120986744022645e-10,-3.630814849306597e-10,-2.8603900734905655e-10,-2.1745493217353896e-10,-1.6065687246079977e-10,-1.319964368135329e-10,-9.575204184078157e-11,-6.804338074537556e-11,-4.857490015240069e-11,-3.3026250835268935e-11,-2.180487985612615e-11,-1.4186892192768657e-11,-1.0426253598338954e-11,-6.77073698107243e-12,-4.217884215618626e-12,-2.57606752943638e-12,-1.4854773989444632e-12
24,-1.0636467089364443e-08,-8.655602038962087e-09,-6.713165331539399e-09,-5.19889927295809e-09,-3.9252954164093404e-09,-2.8189466628231013e-09,-1.9574454879357973e-09,-1.2967035021737278e-09,-8.364016212874394e-10,-5.53925475490995e-10,-3.5941198936639105e-10,-2.177360455076342e-10,-1.4867619690458062e-10,-1.1732374298136027e-10,-8.737362895323931e-11,-6.575251077456348e-11,-4.5476486147330084e-11,-3.0926218864282194e-11,-2.9039861096707915e-09,-2.3106726408847917e-09,-1.8438804003404863e-09,-1.394298064759164e-09,-1.014124619719911e-09,-7.219350602155623e-10,-5.084232893247387e-10,-3.601721986984989e-10,-2.8364977056330514e-10,-2.1559533369280135e-10,-1.592471822684523e-10,-1.3084630955990504e-10,-9.49326522548963e-11,-6.748521358353737e-11,-4.8200241942515836e-11,-3.2797735677418015e-11,-2.1681136337294252e-11,-1.4131190268897454e-11,-1.0397059325139007e-11,-6.764673672843849e-12,-4.223120433835852e-12,-2.584791419679059e-12,-1.493751601915843e-12
25,-9.145710319149254e-09,-7.412515974546753e-09,-5.736050081158283e-09,-4.446856868547863e-09,-3.369111078565003e-09,-2.4355006101710892e-09,-1.7079086124268133e-09,-1.146808744567905e-09,-7.516236945931018e-10,-5.049435829886209e-10,-3.323429419601986e-10,-2.0407370892737945e-10,-1.4030606455834012e-10,-1.109657179663077e-10,-8.292885647934284e-11,-6.253485043310806e-11,-4.336736406641379e-11,-2.95621621999895e-11,-2.53231904148728e-09,-2.0285831056739153e-09,-1.63039640961304e-09,-1.2452484797842875e-09,-9.169377650384129e-10,-6.615219735941414e-10,-4.719553933165871e-10,-3.379093622467953e-10,-2.6726954327679924e-10,-2.0393318894528018e-10,-1.5139809824971007e-10,-1.246496609469013e-10,-9.078039346218462e-11,-6.473880082096986e-11,-4.6362427381684665e-11,-3.1640248056111804e-11,-2.0986137641462942e-11,-1.372935349463128e-11,-1.0122505813667373e-11,-6.608884158264832e-12,-4.141454692071507e-12,-2.5443299269778622e-12,-1.4761574339104354e-12
26,-7.632042507699479e-09,-6.105280982535825e-09,-4.672684046712986e-09,-3.6090706862451896e-09,-2.736901865182115e-09,-1.9911998737318e-09,-1.4144897364702851e-09,-9.685844174593144e-10,-6.503387721390198e-10,-4.466184046412761e-10,-3.0047480922811137e-10,-1.8836240123086796e-10,-1.3086058960124998e-10,-1.0383892172664162e-10,-7.800499945348998e-11,-5.899204575785744e-11,-4.106364755439119e-11,-2.8081224793195755e-11,-2.09660161256757e-09,-1.6913723480445356e-09,-1.3713857080798595e-09,-1.0609405801328224e-09,-7.943377929096684e-10,-5.83935323889979e-10,-4.2455425039076664e-10,-3.0894721929234096e-10,-2.4607653883407133e-10,-1.8898607024853423e-10,-1.4148958641837312e-10,-1.1689753005898756e-10,-8.568622283788952e-11,-6.143688215594228e-11,-4.4192152077576507e-11,-3.02971649410038e-11,-2.0190941716862323e-11,-1.3272598639896515e-11,-9.809337945021092e-12,-6.429470769707968e-12,-4.0454531346999485e-12,-2.4951309617067837e-12,-1.4534139395558605e-12
27,-6.562543048186e-09,-5.169726153476254e-09,-3.89980012881519e-09,-2.9899677255016895e-09,-2.2599186433381787e-09,-1.6462209269988317e-09,-1.17825263864639e-09,-8.181349544853947e-10,-5.599585108513742e-10,-3.920214257898757e-10,-2.6925739183349237e-10,-1.7254114660377108e-10,-1.214210324698167e-10,-9.682183911509704e-11,-7.328788747141925e-11,-5.568912282198062e-11,-3.9005876230365e-11,-2.6815280711690806e-11,-1.7625015478072717e-09,-1.4274928444486808e-09,-1.1649452118157137e-09,-9.103348663377752e-10,-6.911992779269359e-10,-5.167235001041248e-10,-3.824978020104352e-10,-2.830103283137998e-10,-2.2719975739701351e-10,-1.7585097995073965e-10,-1.3297918594222438e-10,-1.1034511976752807e-10,-8.15329389822349e-11,-5.884962691160295e-11,-4.2550099242706615e-11,-2.931496598268333e-11,-1.9627989047710472e-11,-1.2958832041384792e-11,-9.59675183683998e-12,-6.3102222303213315e-12,-3.9829194407441024e-12,-2.4635140955830767e-12,-1.438838494589613e-12
28,-5.8945738557605146e-09,-4.5713062999481946e-09,-3.3929183481865713e-09,-2.5746302417767125e-09,-1.931623853873911e-09,-1.4009189275280788e-09,-1.0037451303082534e-09,-7.016990966365736e-10,-4.863192616764474e-10,-3.455860761009432e-10,-2.416234470009917e-10,-1.581685735309683e-10,-1.1289165679022783e-10,-9.0574632916305e-11,-6.920654985962546e-11,-5.292390245104274e-11,-3.738005175242583e-11,-2.5882761872563647e-11,-1.5298644102776088e-09,-1.2395736256288872e-09,-1.0147562982643792e-09,-7.975381996063522e-10,-6.112203571425899e-10,-4.626383691807171e-10,-3.4745980621893895e-10,-2.6089294913797314e-10,-2.1108438446012649e-10,-1.6473302023269156e-10,-1.2589363089335437e-10,-1.0498813329699789e-10,-7.82874825297937e-11,-5.695798481337476e-11,-4.143915327355209e-11,-2.8713224762760643e-11,-1.932231130774106e-11,-1.2811148023827397e-11,-9.503141330091543e-12,-6.2642902127775545e-12,-3.962368088055913e-12,-2.454671961654707e-12,-1.4352751607937117e-12
29,-5.584702052104291e-09,-4.291568646366459e-09,-3.152969362158838e-09,-2.3747880981444945e-09,-1.7703618632838978e-09,-1.2770711069711725e-09,-9.127314061739749e-10,-6.385707026528707e-10,-4.446949086010168e-10,-3.184137702902638e-10,-2.249148155142751e-10,-1.492635953011524e-10,-1.0760810565005403e-10,-8.67492052852466e-11,-6.676496062835594e-11,-5.13236025419957e-11,-3.650037657856186e-11,-2.5427570225684536e-11,-1.409095802635475e-09,-1.1398783549319857e-09,-9.334615781453103e-10,-7.348446626252867e-10,-5.653701823453586e-10,-4.306055656646792e-10,-3.26051370047297e-10,-2.470576902063423e-10,-2.0096213592500997e-10,-1.5777270820742914e-10,-1.2149230440876365e-10,-1.0170632302993527e-10,-7.637253768889028e-11,-5.5916220851988355e-11,-4.088595527118278e-11,-2.8460035533569328e-11,-1.9226937036879253e-11,-1.2787674376850701e-11,-9.496240265430677e-12,-6.2697186404217216e-12,-3.970368582715095e-12,-2.4610623204880688e-12,-1.4390285037243903e-12
30,-5.476634469184302e-09,-4.204117437242652e-09,-3.0845832923333397e-09,-2.3202598655289854e-09,-1.727177381591556e-09,-1.243767019952548e-09,-8.87511154163045e-10,-6.201713905475006e-10,-4.317832612385777e-10,-3.095108206113247e-10,-2.1914364130539372e-10,-1.4604783117533057e-10,-1.0567755511705855e-10,-8.536161257440898e-11,-6.589285578400754e-11,-5.076823439138156e-11,-3.6214508285795045e-11,-2.529685347644542e-11,-1.3758150413043591e-09,-1.1120803303311789e-09,-9.103124739304558e-10,-7.164178093325991e-10,-5.513146843193718e-10,-4.2032778592457735e-10,-3.1889185621889557e-10,-2.422972019645247e-10,-1.9746727881658028e-10,-1.5538675807948045e-10,-1.2000742554406682e-10,-1.0062633389052767e-10,-7.578677304630694e-11,-5.56453733817918e-11,-4.0784597903517316e-11,-2.845355468010644e-11,-1.9260701444218853e-11,-1.2830429489932743e-11,-9.532401065946176e-12,-6.297215264553979e-12,-3.9882755088964845e-12,-2.471134631692878e-12,-1.4434280398783534e-12
31,-5.5543996813774435e-09,-4.2858140945308685e-09,-3.159247549871073e-09,-2.3815829465161705e-09,-1.774232961182513e-09,-1.2767952315957483e-09,-9.088501686136655e-10,-6.325553315017015e-10,-4.382899707436358e-10,-3.128733130679183e-10,-2.2067750556932064e-10,-1.4658691109058898e-10,-1.059063824103807e-10,-8.550548527657541e-11,-6.595680112973744e-11,-5.079583117604962e-11,-3.621434667510523e-11,-2.5284884076236045e-11,-1.403792168832236e-09,-1.1333838693621442e-09,-9.262086242944118e-10,-7.271617597699377e-10,-5.57866338284972e-10,-4.239525248738824e-10,-3.2070363065961655e-10,-2.4313137914667134e-10,-1.9797434845260068e-10,-1.556687332666856e-10,-1.2011616193181952e-10,-1.0068563029548905e-10,-7.579017147759125e-11,-5.562901655480038e-11,-4.076605419531854e-11,-2.8439528423807066e-11,-1.925295255431612e-11,-1.2827325289454613e-11,-9.529915461348564e-12,-6.294889285910971e-12,-3.985399098343845e-12,-2.467770003999561e-12,-1.4400218976934344e-12
32,-5.85073174996408e-09,-4.540858309826596e-09,-3.3620045626508572e-09,-2.5366440426688323e-09,-1.8874100101046826e-09,-1.353357068690734e-09,-9.576653767249024e-10,-6.61255294949298e-10,-4.541910402130603e-10,-3.218821521570615e-10,-2.255151767850339e-10,-1.4891239686547276e-10,-1.0727453132884699e-10,-8.652809479554236e-11,-6.665134297181761e-11,-5.1288616196551446e-11,-3.6526650891730654e-11,-2.5477599245726996e-11,-1.4797993005076552e-09,-1.1913375216661982e-09,-9.702693713787638e-10,-7.581500714778037e-10,-5.782933009250266e-10,-4.368269503219387e-10,-3.2856588177381886e-10,-2.4791583925285685e-10,-2.0144558232143265e-10,-1.5808059790204396e-10,-1.2167469076685077e-10,-1.018827021424266e-10,-7.654331869041594e-11,-5.6088591423881484e-11,-4.10443756060525e-11,-2.8588990965807253e-11,-1.9320487304100675e-11,-1.2848299300168895e-11,-9.535992033138269e-12,-6.288778822762435e-12,-3.974835715358889e-12,-2.457275223304733e-12,-1.43161096068665e-12
33,-6.387670760115036e-09,-4.983061938200615e-09,-3.7036037107209765e-09,-2.7959446609749815e-09,-2.0770720467645773e-09,-1.4832202278039287e-09,-1.0424911263292624e-09,-7.131962521068821e-10,-4.847922536883407e-10,-3.405621331987491e-10,-2.366548664126972e-10,-1.551428908771174e-10,-1.1137929830190182e-10,-8.974186361669213e-11,-6.901484045445458e-11,-5.3053503941163173e-11,-3.7728184185417924e-11,-2.6269770786235502e-11,-1.608943408589535e-09,-1.2904320182181816e-09,-1.046503636821183e-09,-8.129059449115796e-10,-6.156692378399988e-10,-4.616245074159101e-10,-3.447945848146842e-10,-2.586419525085925e-10,-2.0960789141341594e-10,-1.6406612289485133e-10,-1.2587787916438137e-10,-1.0524524756567782e-10,-7.885208201071369e-11,-5.7624007739658516e-11,-4.20528619259357e-11,-2.919039745762865e-11,-1.9645135404038187e-11,-1.3005565168265369e-11,-9.631777941519897e-12,-6.3304576260329805e-12,-3.988427088626192e-12,-2.459179226357562e-12,-1.4295613904342492e-12
34,-7.020409712707888e-09,-5.480435424404267e-09,-4.072427008846631e-09,-3.0699917315043124e-09,-2.274968024346547e-09,-1.6180903019124834e-09,-1.1313338277277578e-09,-7.689262469033231e-10,-5.190660688325821e-10,-3.626213824997638e-10,-2.5073895295265354e-10,-1.6371023535177896e-10,-1.1732120565786786e-10,-9.447305214633169e-11,-7.258719008400738e-11,-5.574973466899624e-11,-3.95818695031146e-11,-2.7490823916769986e-11,-1.7384388938063384e-09,-1.3893803689585058e-09,-1.1230801996643447e-09,-8.686876964101935e-10,-6.547879207756492e-10,-4.886212449234109e-10,-3.633659489306481e-10,-2.716140042721817e-10,-2.197722716155409e-10,-1.7174942251084272e-10,-1.3150241502928014e-10,-1.0981924781039311e-10,-8.209152040305982e-11,-5.982209773306092e-11,-4.350701845593497e-11,-3.0053876251406435e-11,-2.010344075162939e-11,-1.3220832908335024e-11,-9.76057703982566e-12,-6.383920858432866e-12,-4.004060207124045e-12,-2.4598256288728862e-12,-1.4256761917106135e-12
35,-7.645740237004311e-09,-5.911616602173018e-09,-4.3419521007409476e-09,-3.2422239447142845e-09,-2.3808775935774544e-09,-1.678043137713415e-09,-1.1650794079915037e-09,-7.880652602946651e-10,-5.31132815174929e-10,-3.715241344192037e-10,-2.576837361486788e-10,-1.6909820560830938e-10,-1.2165471406418607e-10,-9.813030613790953e-11,-7.558969322704261e-11,-5.8127457319065925e-11,-4.131059867542485e-11,-2.867165369077969e-11,-1.8082247945914482e-09,-1.4384660578275848e-09,-1.159838472044653e-09,-8.949803203141444e-10,-6.737278672078013e-10,-5.026819058745495e-10,-3.7413921388273835e-10,-2.8012874419287116e-10,-2.2690889203907495e-10,-1.7753238139313646e-10,-1.361175772415414e-10,-1.1371034226928078e-10,-8.503232105518937e-11,-6.19155743575024e-11,-4.4932278909024683e-11,-3.091340598373215e-11,-2.056036370879816e-11,-1.343252990162692e-11,-9.885543852356877e-12,-6.4336984619880805e-12,-4.016816684092109e-12,-2.458614678061085e-12,-1.4208907103344289e-12
36,-8.050817027714963e-09,-6.132025286722682e-09,-4.4248927486619084e-09,-3.2592809785944218e-09,-2.3636528976794998e-09,-1.6462410077811538e-09,-1.1338579444750076e-09,-7.637975020819898e-10,-5.152310753025203e-10,-3.6204683993766376e-10,-2.5287582350107575e-10,-1.6756380625821412e-10,-1.2140225795874043e-10,-9.824265862366228e-11,-7.604055687756124e-11,-5.864907767523183e-11,-4.182371340350516e-11,-2.9078965203662037e-11,-1.7939203745421676e-09,-1.4198956872492502e-09,-1.1426064231879003e-09,-8.805932132021707e-10,-6.633679046367237e-10,-4.962299658863723e-10,-3.7085208962284656e-10,-2.790734812855353e-10,-2.2672482186155581e-10,-1.7795250827581584e-10,-1.3697597587512804e-10,-1.1461088692404602e-10,-8.593991139532975e-11,-6.266678791081723e-11,-4.5469539923484344e-11,-3.1224004661197944e-11,-2.0694118857839736e-11,-1.3459896469699354e-11,-9.884133172633759e-12,-6.410869832834061e-12,-3.990175310716972e-12,-2.436502475359082e-12,-1.4057600682549335e-12
37,-8.1828463074077e-09,-6.14481722139688e-09,-4.362133576150667e-09,-3.173772392224378e-09,-2.276164513532609e-09,-1.5686636768863674e-09,-1.072659111136417e-09,-7.19711303351226e-10,-4.855822536332848e-10,-3.4236688042213166e-10,-2.40461062842829e-10,-1.6064150159351257e-10,-1.1712229860675254e-10,-9.507964058323411e-11,-7.393911691725186e-11,-5.721997989913286e-11,-4.097751188668321e-11,-2.858380580843211e-11,-1.7234012081802937e-09,-1.3574254810140455e-09,-1.0899987590860256e-09,-8.386618852703578e-10,-6.317708188878126e-10,-4.734242486874171e-10,-3.550197525320251e-10,-2.6840412310718085e-10,-2.1870898569148348e-10,-1.7224439747626525e-10,-1.3314721390277537e-10,-1.1163877885942696e-10,-8.402210167228793e-11,-6.145272202646456e-11,-4.467180479756535e-11,-3.0703834028201616e-11,-2.034496095465007e-11,-1.3218012423919973e-11,-9.69909169612017e-12,-6.282980045511962e-12,-3.905693288782577e-12,-2.3825238468090935e-12,-1.373685386354994e-12
38,-8.154688844529008e-09,-6.045890374150975e-09,-4.226897218572316e-09,-3.0390760560960984e-09,-2.155512494818779e-09,-1.4693676737538182e-09,-9.968003147864974e-10,-6.654680676262794e-10,-4.4854021388151937e-10,-3.1700434505383556e-10,-2.2368200445784275e-10,-1.5054436772559815e-10,-1.1043237349908501e-10,-8.994343860141601e-11,-7.028474264850162e-11,-5.4593590846007735e-11,-3.928538124351189e-11,-2.751660425825371e-11,-1.6288519441320287e-09,-1.276506219911462e-09,-1.0223419249516794e-09,-7.846971689264966e-10,-5.905097751047348e-10,-4.4286200787152627e-10,-3.330154463356777e-10,-2.528457179787022e-10,-2.066356473990696e-10,-1.6329696548219015e-10,-1.2677884140277848e-10,-1.0654393814159563e-10,-8.052253143487377e-11,-5.911828713434328e-11,-4.3102044261828684e-11,-2.9696508522172876e-11,-1.970942648608306e-11,-1.2815930400842705e-11,-9.405751763767528e-12,-6.094604985368976e-12,-3.789635991044928e-12,-2.3126314542573593e-12,-1.3342959565861271e-12
39,-7.804693022747509e-09,-5.734912848743394e-09,-3.96386674415237e-09,-2.8228789396077066e-09,-1.983496079935973e-09,-1.3391309744657518e-09,-9.018118341121962e-10,-5.991734306222171e-10,-4.0344419872049325e-10,-2.857908244692785e-10,-2.0258373451416672e-10,-1.3736264409566574e-10,-1.013907740927055e-10,-8.286078461633165e-11,-6.507392263309312e-11,-5.074290563966327e-11,-3.6700906877604786e-11,-2.5822474253906657e-11,-1.4976224422212012e-09,-1.1692772957397929e-09,-9.34581984876039e-10,-7.160106809916202e-10,-5.384852687130795e-10,-4.04319950986808e-10,-3.0498336355293744e-10,-2.3261126458392586e-10,-1.9067289057400906e-10,-1.512132041166876e-10,-1.179166878379251e-10,-9.933396232954593e-11,-7.540058999442334e-11,-5.558689153515129e-11,-4.0665739528664244e-11,-2.8105737609446967e-11,-1.8702530012186184e-11,-1.2186693608631104e-11,-8.952046975999112e-12,-5.8092027178835866e-12,-3.617907065244622e-12,-2.2115508079411575e-12,-1.2785459734756775e-12
40,-7.2553703613432535e-09,-5.3096398085917946e-09,-3.6503420682384655e-09,-2.5873127390597604e-09,-1.8090426161896534e-09,-1.2148041171475673e-09,-8.145256959061424e-10,-5.395715717202791e-10,-3.6310740621442803e-10,-2.5766648656866734e-10,-1.8326745566639644e-10,-1.2494140641458045e-10,-9.263576062590998e-11,-7.589119089027974e-11,-5.981311818690835e-11,-4.677184183646653e-11,-3.39544476673154e-11,-2.3970996502625865e-11,-1.3645262484927897e-09,-1.06296422386633e-09,-8.483283028216169e-10,-6.48921940718519e-10,-4.876467175279393e-10,-3.6639543492858875e-10,-2.770336052295723e-10,-2.1204865983571594e-10,-1.7423690258877144e-10,-1.385711689234207e-10,-1.0844367090895079e-10,-9.15380113709889e-11,-6.973870419016493e-11,-5.1601832208580454e-11,-3.7872493414136794e-11,-2.6259076971959788e-11,-1.752526123878231e-11,-1.1449348498549452e-11,-8.420651866848104e-12,-5.475291416489113e-12,-3.4172865272265823e-12,-2.093513811852298e-12,-1.2133380482242214e-12
41,-6.716438064187759e-09,-4.908309572052191e-09,-3.367934935929617e-09,-2.382699852902386e-09,-1.6624848868320049e-09,-1.113622974818369e-09,-7.450252615140586e-10,-4.926948463397895e-10,-3.313902337873676e-10,-2.3534444082898404e-10,-1.6768329255588445e-10,-1.146554043048778e-10,-8.522490895096627e-11,-6.992159564757061e-11,-5.522489808643833e-11,-4.3260578517858334e-11,-3.1481167813770767e-11,-2.2277194495699497e-11,-1.256200664851422e-09,-9.776131301453218e-10,-7.795161477211442e-10,-5.956873655233994e-10,-4.4737991197660776e-10,-3.36296641787808e-10,-2.547091661778162e-10,-1.9543924945502931e-10,-1.6084280376524976e-10,-1.281531327516605e-10,-1.0052102918127071e-10,-8.496322942050544e-11,-6.488730601504718e-11,-4.813338051292702e-11,-3.540874130031222e-11,-2.4609865909193524e-11,-1.6462247364810663e-11,-1.0777023736783379e-11,-7.933986234289813e-12,-5.167285841631947e-12,-3.2309402234530156e-12,-1.9832541830936804e-12,-1.1521309973361152e-12
42,-6.386019234160126e-09,-4.6573294763192856e-09,-3.186407974334507e-09,-2.248132775116473e-09,-1.564041487548787e-09,-1.0443043937206877e-09,-6.967911541849246e-10,-4.5993587264786214e-10,-3.092143843193693e-10,-2.1978968428245418e-10,-1.5687931652214683e-10,-1.0757041000033439e-10,-8.014014611175811e-11,-6.58304370258917e-11,-5.2085800080963744e-11,-4.0859200803436314e-11,-2.9789313190289726e-11,-2.1116668080249673e-11,-1.1860958851973813e-09,-9.217114861795474e-10,-7.340331165801702e-10,-5.601567187912604e-10,-4.2032623352795555e-10,-3.160365737423325e-10,-2.3970172507790035e-10,-1.842856992936297e-10,-1.5184260199085578e-10,-1.2114174296740954e-10,-9.517728941400936e-11,-8.052040600241752e-11,-6.159678520698971e-11,-4.5768895376040535e-11,-3.371842279225238e-11,-2.3467636069834623e-11,-1.5715953809912227e-11,-1.0296404836051622e-11,-7.581972860373403e-12,-4.9398950449547374e-12,-3.0900441966207495e-12,-1.8978098194907686e-12,-1.1034382195510777e-12
43,-6.188595136930603e-09,-4.5046845053112274e-09,-3.0724679534604476e-09,-2.1610793454414928e-09,-1.4984882290090877e-09,-9.968731312020837e-10,-6.632006752194693e-10,-4.369215443669391e-10,-2.9363819008419834e-10,-2.0891345700475063e-10,-1.4936632303790317e-10,-1.0266682589711435e-10,-7.662523734603354e-11,-6.300154540848197e-11,-4.991419631235155e-11,-3.9196105954244115e-11,-2.861546558202792e-11,-2.0309272415889324e-11,-1.138234814604496e-09,-8.828622541603342e-10,-7.021025608883074e-10,-5.349830846652282e-10,-4.010769429659624e-10,-3.016238533203516e-10,-2.2904361862421807e-10,-1.7636890985008177e-10,-1.4545168565401083e-10,-1.1616016630315777e-10,-9.137781695761578e-11,-7.736054176774937e-11,-5.925506652355194e-11,-4.40848545618551e-11,-3.251252901342864e-11,-2.2649132338930584e-11,-1.517639015862762e-11,-9.943742005212907e-12,-7.320826622457993e-12,-4.767957306781744e-12,-2.981045168604662e-12,-1.830069837690627e-12,-1.0637637075148412e-12
44,-6.052230280318159e-09,-4.397316190885902e-09,-2.9900580709383837e-09,-2.0967080526970225e-09,-1.4491416229838036e-09,-9.606835213863297e-10,-6.374423737020714e-10,-4.1930638942904744e-10,-2.8180150486088816e-10,-2.0070835741090458e-10,-1.4373205455650446e-10,-9.899610739518383e-11,-7.398654084938723e-11,-6.087159368647006e-11,-4.827184512343063e-11,-3.7933781034143033e-11,-2.7720345539721712e-11,-1.969141202796033e-11,-1.1015233784208877e-09,-8.527634071704412e-10,-6.773148270261957e-10,-5.154629687179664e-10,-3.86242516092861e-10,-2.906063391655301e-10,-2.209460810316221e-10,-1.7036519955469967e-10,-1.4060306688266624e-10,-1.1237703967300103e-10,-8.848861435656644e-11,-7.495566598676012e-11,-5.746986047708602e-11,-4.279830341461969e-11,-3.1588941797494736e-11,-2.2019648205733485e-11,-1.4758186392322503e-11,-9.667147407826195e-12,-7.1143388100565394e-12,-4.630174961171622e-12,-2.8924317280827767e-12,-1.7742156653697773e-12,-1.0305620277392849e-12
45,-5.984386439978086e-09,-4.336996696098534e-09,-2.9389709916141597e-09,-2.0551198070607614e-09,-1.416721973862006e-09,-9.36970690761637e-10,-6.209417671764923e-10,-4.0844208419424975e-10,-2.748337117493612e-10,-1.9607159269389428e-10,-1.4066673215317394e-10,-9.705397838528216e-11,-7.259176823271455e-11,-5.973258154223254e-11,-4.737782854173326e-11,-3.7228366765528487e-11,-2.7199055361137347e-11,-1.9313150843084796e-11,-1.0783341697611403e-09,-8.3389325342599e-10,-6.620154269129918e-10,-5.03705485921549e-10,-3.7760187865772385e-10,-2.844189275246956e-10,-2.1653528922069763e-10,-1.6714435020586687e-10,-1.3799424290183815e-10,-1.1031958642109587e-10,-8.689229384255306e-11,-7.360504639858321e-11,-5.643421273429761e-11,-4.2018502991175284e-11,-3.10016539912174e-11,-2.1597142167877048e-11,-1.4463135876003636e-11,-9.46457515756405e-12,-6.961501115419553e-12,-4.526675619452388e-12,-2.8250936296676276e-12,-1.731345919603237e-12,-1.0047556023275456e-12
46,-5.840767344529145e-09,-4.221587563661647e-09,-2.8526812731368825e-09,-1.9916198999139217e-09,-1.371751760909876e-09,-9.072079202806697e-10,-6.019500971240629e-10,-3.968707447687005e-10,-2.678202776664986e-10,-1.915270586308374e-10,-1.3769099018952802e-10,-9.514077463309629e-11,-7.117868329894784e-11,-5.855163405064431e-11,-4.641956126906426e-11,-3.6446959897638335e-11,-2.6595426335731424e-11,-1.8856333082900525e-11,-1.0472067284180142e-09,-8.100440174001168e-10,-6.434852580655063e-10,-4.901320341762925e-10,-3.680094094596661e-10,-2.7770062344435133e-10,-2.117616212381317e-10,-1.6361550359118494e-10,-1.3509356440292724e-10,-1.0798345704147942e-10,-8.503003769878602e-11,-7.200018626575089e-11,-5.5162529080358534e-11,-4.1028951725698044e-11,-3.02384699015324e-11,-2.1041954652805824e-11,-1.4080058414870245e-11,-9.211803423702244e-12,-6.777115536275855e-12,-4.408833972220925e-12,-2.7534728263436765e-12,-1.688722635495514e-12,-9.80740459656802e-13
47,-5.580671472515211e-09,-4.019331081821617e-09,-2.707711669633267e-09,-1.888799827651007e-09,-1.3016685192847416e-09,-8.627814051262885e-10,-5.746404726308298e-10,-3.806936753098857e-10,-2.5807372629183047e-10,-1.850874022198237e-10,-1.3330652992251078e-10,-9.215254512969693e-11,-6.888653402650058e-11,-5.6611578189428165e-11,-4.481850787439451e-11,-3.5136865178195804e-11,-2.5584884832180485e-11,-1.810096621739137e-11,-1.0013599860273844e-09,-7.759751378467219e-10,-6.175649223834075e-10,-4.715731439697847e-10,-3.5507071931979656e-10,-2.6860840257200254e-10,-2.0517243859458265e-10,-1.586174875264665e-10,-1.309382732814542e-10,-1.0460644534421719e-10,-8.23124506865913e-11,-6.965827325299335e-11,-5.33107067098207e-11,-3.960503749131983e-11,-2.916263624093105e-11,-2.028444195208515e-11,-1.3579088748337262e-11,-8.897038419561586e-12,-6.553231661477618e-12,-4.271666253565704e-12,-2.6736294216213835e-12,-1.6430392751366292e-12,-9.558690682336268e-13
48,-5.144570472542966e-09,-3.6891244084050644e-09,-2.479213427800398e-09,-1.7312399579314522e-09,-1.1969806859741478e-09,-7.978972866188877e-10,-5.350849701741768e-10,-3.57021200524624e-10,-2.433495504127811e-10,-1.7498350250875926e-10,-1.2616131977394805e-10,-8.715356233259767e-11,-6.505941156746421e-11,-5.341602650417095e-11,-4.223126396450849e-11,-3.307549894658722e-11,-2.405696792821521e-11,-1.701147399224091e-11,-9.266071772461544e-10,-7.204594847958623e-10,-5.752279611911735e-10,-4.410984267344229e-10,-3.33597467611948e-10,-2.532645787978087e-10,-1.9383976776377166e-10,-1.4992052292901726e-10,-1.2373375574397906e-10,-9.881573235367999e-11,-7.772317533913747e-11,-6.57634363746035e-11,-5.0318407105621754e-11,-3.738823647976719e-11,-2.7552569196668858e-11,-1.9200281093509265e-11,-1.2893261796302497e-11,-8.48244780803937e-12,-6.262348749292032e-12,-4.0974457742483195e-12,-2.574445122816582e-12,-1.5875033650597829e-12,-9.263882495176867e-13
49,-4.5654776344773486e-09,-3.269015105346941e-09,-2.2026902413311356e-09,-1.54680747937807e-09,-1.0775248483287452e-09,-7.251464456172585e-10,-4.907363571795915e-10,-3.3005168131269107e-10,-2.26138356013694e-10,-1.6294404075370057e-10,-1.1755305952228188e-10,-8.115240764642262e-11,-6.05289857775086e-11,-4.967972061798266e-11,-3.925890426538389e-11,-3.074763238193798e-11,-2.2371587172396157e-11,-1.583724246613062e-11,-8.448868823782618e-10,-6.602821836550503e-10,-5.294558201757345e-10,-4.081497758616846e-10,-3.102224824047083e-10,-2.363549477088192e-10,-1.8121646590723881e-10,-1.402267816574446e-10,-1.1575160608007027e-10,-9.246343526854472e-11,-7.275237107357474e-11,-6.158119735614755e-11,-4.715586769993395e-11,-3.508385646004192e-11,-2.590222793632426e-11,-1.8101499405811552e-11,-1.2201613011992395e-11,-8.062884426888978e-12,-5.966460744381528e-12,-3.918507402950656e-12,-2.4714342055987834e-12,-1.5293224637710438e-12,-8.954182384084227e-13
50,-4.067705297421134e-09,-2.9226348283712525e-09,-1.983415435433368e-09,-1.4033831577694752e-09,-9.856335682318324e-10,-6.693103476250884e-10,-4.563637631765655e-10,-3.087361223802471e-10,-2.122168582079552e-10,-1.5303705300605e-10,-1.1037525505029339e-10,-7.610684165426904e-11,-5.6711288827231314e-11,-4.653019966355761e-11,-3.6752192901403575e-11,-2.878359704859474e-11,-2.0948371048831075e-11,-1.4844115026909476e-11,-7.781743814874116e-10,-6.110937834935293e-10,-4.918557763299941e-10,-3.808348688024802e-10,-2.905654661991307e-10,-2.21891545983307e-10,-1.7025082559153967e-10,-1.3171436646801874e-10,-1.0871418132951225e-10,-8.684338474075297e-11,-6.833601521606915e-11,-5.7858403212022654e-11,-4.4331005499171785e-11,-3.301834488655545e-11,-2.441710309307398e-11,-1.710717259594212e-11,-1.157089998955605e-11,-7.676674744336848e-12,-5.693006665404496e-12,-3.752082581394482e-12,-2.3751848408112726e-12,-1.4749522339840647e-12,-8.666563836486407e-13
51,-3.562861330513377e-09,-2.572781218465647e-09,-1.758778566178417e-09,-1.252626814127303e-09,-8.856886424549176e-10,-6.058163375710604e-10,-4.155776790617166e-10,-2.825030549465714e-10,-1.9472454111037715e-10,-1.4052534557305356e-10,-1.01322218467131e-10,-6.977767541518716e-11,-5.1939650732595904e-11,-4.259697405409948e-11,-3.3625220210129187e-11,-2.6331576772984026e-11,-1.91669729281509e-11,-1.35936948980214e-11,-7.052421885715025e-10,-5.560821168803941e-10,-4.4895824710842197e-10,-3.488711486414308e-10,-2.6701783295853396e-10,-2.043261788711654e-10,-1.569070086018792e-10,-1.2140637308777688e-10,-1.00217686738937e-10,-8.007711928696266e-11,-6.303627307443956e-11,-5.3395620016158104e-11,-4.094987933894911e-11,-3.0545350727379286e-11,-2.2634255611616212e-11,-1.5905957875733768e-11,-1.0800802270636827e-11,-7.198308768575403e-12,-5.351526977181803e-12,-3.5412924547403455e-12,-2.2513876766085788e-12,-1.4039087982105413e-12,-8.284462550599633e-13
52,-3.43035107645503e-09,-2.4796106270538817e-09,-1.6996977396821518e-09,-1.2142524482850974e-09,-8.614370722550443e-10,-5.914151119471025e-10,-4.0694381011597466e-10,-2.7725853895127534e-10,-1.9128418629395392e-10,-1.3798987706581399e-10,-9.937538662054448e-11,-6.828926880176083e-11,-5.073780278036051e-11,-4.1569758937876443e-11,-3.27669778882092e-11,-2.5632735196585465e-11,-1.8634866105857724e-11,-1.3205173088528268e-11,-6.894730397054831e-10,-5.44392270383939e-10,-4.400263953126487e-10,-3.423825351827871e-10,-2.6230798053401617e-10,-2.0074034998902448e-10,-1.5401162084224354e-10,-1.1898852310468542e-10,-9.81338369332049e-11,-7.833576433505564e-11,-6.159277755809855e-11,-5.214342250900925e-11,-3.99507525766591e-11,-2.977892345709352e-11,-2.2060568526097294e-11,-1.5507214103202195e-11,-1.0540096695576347e-11,-7.03539154206197e-12,-5.235704650833592e-12,-3.4704419010770944e-12,-2.2103715546853983e-12,-1.3807668706788507e-12,-8.162531199785823e-13
53,-3.325036463262483e-09,-2.4046498284450967e-09,-1.6503738109446996e-09,-1.1805855644381524e-09,-8.386950658450155e-10,-5.765778268701106e-10,-3.9706140651271076e-10,-2.705658643776164e-10,-1.8652645015801482e-10,-1.3436660270167859e-10,-9.657313495353347e-11,-6.618207724508387e-11,-4.9072270151270425e-11,-4.0166289848296206e-11,-3.16165229681895e-11,-2.4711419304445495e-11,-1.7948221343653844e-11,-1.2713404119796698e-11,-6.729044699473401e-10,-5.313131498914895e-10,-4.2949743877512e-10,-3.3421525580514035e-10,-2.560073058649149e-10,-1.957708344315107e-10,-1.4998960333705056e-10,-1.1568994866482254e-10,-9.533013249318026e-11,-7.60299402505106e-11,-5.971617138231459e-11,-5.0532111318307574e-11,-3.8687455743924705e-11,-2.8825604522359074e-11,-2.1355838135106553e-11,-1.502124100697705e-11,-1.022218941246086e-11,-6.834574926331583e-12,-5.091452104306663e-12,-3.380535912400741e-12,-2.1572138351772163e-12,-1.350229587879133e-12,-7.9995320681126e-13
54,-3.2594220554480135e-09,-2.3571140363075904e-09,-1.6174102088355655e-09,-1.1566766305316038e-09,-8.214043951776349e-10,-5.643833689925292e-10,-3.88366313012285e-10,-2.643372978691053e-10,-1.8194352515425386e-10,-1.3082841168443808e-10,-9.382265387365544e-11,-6.411459073634357e-11,-4.744002992633454e-11,-3.879068476846163e-11,-3.0488637114996547e-11,-2.38069477586096e-11,-1.7272441772853716e-11,-1.2227729342313837e-11,-6.563753117266656e-10,-5.177165967465735e-10,-4.1822007961570685e-10,-3.251697316941083e-10,-2.4883878117321594e-10,-1.9004222538695763e-10,-1.4535620552729662e-10,-1.1192029215395636e-10,-9.214273771465076e-11,-7.342345998126317e-11,-5.7608852131517625e-11,-4.872877694705936e-11,-3.728174472678206e-11,-2.7770153803659043e-11,-2.0578392522010527e-11,-1.4486773426247485e-11,-9.873500041552516e-12,-6.614943244706877e-12,-4.9341397748479414e-12,-3.2830465895294116e-12,-2.1000615539136232e-12,-1.317818197929586e-12,-7.830015009172484e-13
55,-3.1933249690376385e-09,-2.3069065589007636e-09,-1.5814480680828779e-09,-1.1305416299690574e-09,-8.028149598516821e-10,-5.517717731448263e-10,-3.7990027230508836e-10,-2.587364310621291e-10,-1.781536862257367e-10,-1.2808533373689812e-10,-9.180026369763989e-11,-6.265077144504e-11,-4.629649977464975e-11,-3.7824704936676436e-11,-2.969382849218016e-11,-2.3162888027149542e-11,-1.6782494131746017e-11,-1.1866343624856552e-11,-6.425296395379516e-10,-5.068059621542402e-10,-4.0946864466850783e-10,-3.184228008255859e-10,-2.436952143361483e-10,-1.860770247171586e-10,-1.422498414416265e-10,-1.0944977356922248e-10,-9.006252271663771e-11,-7.172028804184533e-11,-5.622762920272862e-11,-4.753797294438367e-11,-3.633980525227939e-11,-2.704686974681293e-11,-2.003091143819451e-11,-1.4096893315516852e-11,-9.608635991025687e-12,-6.4410536542484e-12,-4.807141386660785e-12,-3.201755878860737e-12,-2.050741951117406e-12,-1.2887972447143374e-12,-7.671181769287858e-13
56,-3.1355980811629394e-09,-2.2555539541724865e-09,-1.54079278790813e-09,-1.100169360215694e-09,-7.812680151815039e-10,-5.376310534963635e-10,-3.710435121625455e-10,-2.5350040160720477e-10,-1.7510870117580573e-10,-1.261943645738195e-10,-9.061830397390807e-11,-6.192326635298382e-11,-4.576714283159378e-11,-3.738084133303314e-11,-2.9331790983784633e-11,-2.286264748050324e-11,-1.6543840011501467e-11,-1.1678387645627645e-11,-6.286779481527292e-10,-4.963805394010786e-10,-4.0155897999194126e-10,-3.1280072538639666e-10,-2.3982138834569124e-10,-1.8339043303727217e-10,-1.4034081232197052e-10,-1.0804352678215494e-10,-8.89071120075696e-11,-7.078626149516156e-11,-5.5478114060132116e-11,-4.6884940150211255e-11,-3.581136779139726e-11,-2.662305239046388e-11,-1.969255083101207e-11,-1.3840211903842894e-11,-9.423479346866092e-12,-6.3139122040387515e-12,-4.7134949505444856e-12,-3.141326792623748e-12,-2.0143474604762816e-12,-1.2678980782129462e-12,-7.562032563402404e-13
57,-3.0550091134652434e-09,-2.1817310025806625e-09,-1.4812118619814823e-09,-1.0551791095196664e-09,-7.490386746698268e-10,-5.16252032020254e-10,-3.575282969341859e-10,-2.45468438019078e-10,-1.7047523351230167e-10,-1.234036649835639e-10,-8.898371517196655e-11,-6.10388259678495e-11,-4.519710529711258e-11,-3.693147401225311e-11,-2.8997050132441397e-11,-2.2599411526944682e-11,-1.6345231622532708e-11,-1.152464437943814e-11,-6.068993672716739e-10,-4.800509721342624e-10,-3.89285679737046e-10,-3.0424046633886185e-10,-2.341279872508392e-10,-1.796610151560357e-10,-1.3789728658534496e-10,-1.0641507250324794e-10,-8.765022485138073e-11,-6.98389966576901e-11,-5.4782162839563886e-11,-4.63010978817827e-11,-3.536707049696479e-11,-2.6277936431898136e-11,-1.941754784599029e-11,-1.3627633009350284e-11,-9.26523391853763e-12,-6.2013970196135635e-12,-4.6291713201745184e-12,-3.0853858479443282e-12,-1.97967612973214e-12,-1.2474429041881447e-12,-7.452255141039372e-13
58,-2.9598037440597257e-09,-2.0962304263358785e-09,-1.413375144349976e-09,-1.0043413253985618e-09,-7.127380324127212e-10,-4.921707593440673e-10,-3.4227038402009425e-10,-2.3640018900923455e-10,-1.6529627563126375e-10,-1.2037045063096265e-10,-8.730868067226784e-11,-6.024238489029691e-11,-4.47527561288042e-11,-3.660775726969635e-11,-2.8787127366791937e-11,-2.2446538537433787e-11,-1.623748155745651e-11,-1.1439802394137502e-11,-5.827148996970314e-10,-4.6211264544101343e-10,-3.7595092974970806e-10,-2.950969785194685e-10,-2.281925640001939e-10,-1.7590403525217564e-10,-1.3555518526568566e-10,-1.0496052629670952e-10,-8.658249816121507e-11,-6.908293755497586e-11,-5.4274750442859846e-11,-4.5891877792325555e-11,-3.507624905715627e-11,-2.6057680318428605e-11,-1.9238480017004246e-11,-1.3481943050762393e-11,-9.150340901087382e-12,-6.1157129829246125e-12,-4.563880972747796e-12,-3.041017757555324e-12,-1.951567312440153e-12,-1.230484360277727e-12,-7.358737939794134e-13
59,-2.8813056292477417e-09,-2.0261508061171647e-09,-1.359067051956043e-09,-9.646656309383466e-10,-6.852239591152725e-10,-4.746180378824172e-10,-3.3170091428621685e-10,-2.3059997727121685e-10,-1.623971683759461e-10,-1.1899729262801182e-10,-8.684593518493686e-11,-6.029828645268041e-11,-4.495452011709463e-11,-3.68195593973043e-11,-2.900633203370954e-11,-2.2633048671611655e-11,-1.6379170444450656e-11,-1.1531923066613533e-11,-5.652192306676249e-10,-4.496801136655251e-10,-3.671767399964004e-10,-2.8959663852744944e-10,-2.2511228382795722e-10,-1.7437500856667146e-10,-1.3495163753933113e-10,-1.0486773601198713e-10,-8.664607144163114e-11,-6.923692021294319e-11,-5.44893213157776e-11,-4.60958426190707e-11,-3.52573330980656e-11,-2.618837578140292e-11,-1.931638771830264e-11,-1.3512300526776362e-11,-9.150144597166869e-12,-6.102310567725248e-12,-4.55056288161969e-12,-3.0291342143766487e-12,-1.9428085771402372e-12,-1.2247932769395836e-12,-7.326383394476997e-13
60,-2.8375470824612765e-09,-1.9825201105631638e-09,-1.323994753326799e-09,-9.392430707044884e-10,-6.680821292947078e-10,-4.6430008215930296e-10,-3.261195511284582e-10,-2.281752837042744e-10,-1.6180462233829008e-10,-1.192801420510362e-10,-8.75764011134608e-11,-6.118148810063173e-11,-4.577827667112079e-11,-3.754532188157034e-11,-2.9635684546226304e-11,-2.314411073165192e-11,-1.6760424063462535e-11,-1.179599397098273e-11,-5.551529604543642e-10,-4.4317945004905336e-10,-3.632238902091962e-10,-2.878702370201509e-10,-2.2493794166679266e-10,-1.7507905335392778e-10,-1.3606652382957857e-10,-1.0610525176811362e-10,-8.780888895820683e-11,-7.027105293277829e-11,-5.53984369726531e-11,-4.688869746437857e-11,-3.5890483317600286e-11,-2.665523703762207e-11,-1.964057635138197e-11,-1.3711259054047855e-11,-9.258952822028511e-12,-6.1563794346882586e-12,-4.5849787307615305e-12,-3.0462367447817714e-12,-1.9507643793499794e-12,-1.2285416001162722e-12,-7.344293870761396e-13
61,-2.7562621659736137e-09,-1.9146589639448256e-09,-1.2744309664535164e-09,-9.044081946941329e-10,-6.447691229035448e-10,-4.5001250449912717e-10,-3.178923352978252e-10,-2.2396553825818083e-10,-1.5997736277904197e-10,-1.1867590618951946e-10,-8.768039224116255e-11,-6.165728326055235e-11,-4.632112131722694e-11,-3.8055174349896935e-11,-3.011136486695141e-11,-2.3548924118989784e-11,-1.7079685993323157e-11,-1.2028670286061087e-11,-5.408586428731966e-10,-4.335675903939352e-10,-3.568621722235686e-10,-2.843597430509726e-10,-2.2346082607134947e-10,-1.748389778026076e-10,-1.365042254232358e-10,-1.0686108008775517e-10,-8.860104165256245e-11,-7.103771876503888e-11,-5.6126138951585834e-11,-4.754526097473349e-11,-3.6444018111137724e-11,-2.7084304011619947e-11,-1.9952615896179305e-11,-1.3913150850400763e-11,-9.375997947027114e-12,-6.217828639546071e-12,-4.62424720123821e-12,-3.0655381192266097e-12,-1.958907468172208e-12,-1.231410747665998e-12,-7.350106393958042e-13
62,-2.629393787593908e-09,-1.8189668618740243e-09,-1.2093251948435566e-09,-8.598999997686332e-10,-6.152971300306923e-10,-4.3182281778290637e-10,-3.0704860483032574e-10,-2.179510880872066e-10,-1.5686168709470033e-10,-1.1711319765336867e-10,-8.707933350933487e-11,-6.164894996679525e-11,-4.6514698849665935e-11,-3.828939921970577e-11,-3.038210564720486e-11,-2.380578280510779e-11,-1.7305698192705722e-11,-1.2208115136703855e-11,-5.222092381037829e-10,-4.2072856339502194e-10,-3.47937998358021e-10,-2.7885993282300805e-10,-2.2042304327672346e-10,-1.7336878225975146e-10,-1.3598507333113222e-10,-1.0688526299779201e-10,-8.880609685255909e-11,-7.13574680414539e-11,-5.652552444851192e-11,-4.794058648685212e-11,-3.682210142597145e-11,-2.7406680884746223e-11,-2.020530330448079e-11,-1.408961267802415e-11,-9.48691179033626e-12,-6.281278717663737e-12,-4.666290034860001e-12,-3.0877791990310128e-12,-1.969224240022825e-12,-1.2355897351030382e-12,-7.362083063706581e-13
63,-2.4840361044385395e-09,-1.7158132675145842e-09,-1.1423682841243369e-09,-8.150231139088024e-10,-5.858502539079008e-10,-4.1362713647251043e-10,-2.9602276124348244e-10,-2.1160631637364813e-10,-1.5334254717383166e-10,-1.1514293027957712e-10,-8.609977503079107e-11,-6.132234569278155e-11,-4.644948570899431e-11,-3.8307129142523754e-11,-3.0477321003796655e-11,-2.3926531544386398e-11,-1.7435997072696968e-11,-1.232499003270377e-11,-5.025055969540386e-10,-4.0710251200692363e-10,-3.38289180858025e-10,-2.726679500343409e-10,-2.1670948962409183e-10,-1.7126283246324277e-10,-1.3489722248164417e-10,-1.0642196948444587e-10,-8.859526626898446e-11,-7.133795331109545e-11,-5.6652761968287405e-11,-4.8108186280056293e-11,-3.703092578930323e-11,-2.761244140090173e-11,-2.038233775637265e-11,-1.422386880846444e-11,-9.578123447777755e-12,-6.337615982521694e-12,-4.704840365255685e-12,-3.109435174028918e-12,-1.9799782557725773e-12,-1.2402807819340619e-12,-7.376937211323887e-13
64,-2.308781524473588e-09,-1.5974735669676422e-09,-1.067690503676084e-09,-7.649914023639e-10,-5.525707148213244e-10,-3.9241726310652174e-10,-2.8251004225421737e-10,-2.031985386270082e-10,-1.481172083274065e-10,-1.1175798111780094e-10,-8.39652163482934e-11,-6.010184452506685e-11,-4.567468301708486e-11,-3.772914930467835e-11,-3.00868218016952e-11,-2.3662004521794855e-11,-1.7283731714179998e-11,-1.2244216264909947e-11,-4.787949587179199e-10,-3.8998631472102924e-10,-3.254859744262812e-10,-2.6367458034907137e-10,-2.105578160959074e-10,-1.6708454210765206e-10,-1.3208248179693835e-10,-1.0453625226442058e-10,-8.717913172263975e-11,-7.03335263208022e-11,-5.598555177947917e-11,-4.7600355619825943e-11,-3.672045502796379e-11,-2.7437913424871904e-11,-2.0288952898145007e-11,-1.418197969310803e-11,-9.562604820251894e-12,-6.332698579516223e-12,-4.701606301106179e-12,-3.10733340498291e-12,-1.9780030361043048e-12,-1.2383018549675818e-12,-7.35872593061172e-13
65,-2.1311626673007227e-09,-1.4789314033524253e-09,-9.930032121966081e-10,-7.145665901060773e-10,-5.185662985419435e-10,-3.7026116443552605e-10,-2.6797228759742917e-10,-1.9378365017458588e-10,-1.4196540948441158e-10,-1.0755294649724042e-10,-8.112502468577029e-11,-5.830916748110907e-11,-4.443246321791714e-11,-3.6752695789042e-11,-2.936459937799636e-11,-2.3129437181313725e-11,-1.6929717788441717e-11,-1.2018134306174003e-11,-4.5391322640194353e-10,-3.7152394238422114e-10,-3.1126559141356145e-10,-2.5325692072015796e-10,-2.0306214855030439e-10,-1.6170341890466892e-10,-1.2822541518780934e-10,-1.0176408459443189e-10,-8.499840334650882e-11,-6.869183350674727e-11,-5.479226951073521e-11,-4.6639128109255554e-11,-3.605270312364822e-11,-2.6994336416820884e-11,-1.9998535910465612e-11,-1.4006877575763488e-11,-9.462865238412747e-12,-6.27710531110603e-12,-4.663006216499829e-12,-3.0842956612505e-12,-1.9643400267835413e-12,-1.2299491725969001e-12,-7.308076462753024e-13
66,-1.9543785857788123e-09,-1.3605152041445042e-09,-9.178611334884007e-10,-6.634136988494005e-10,-4.836977922088373e-10,-3.471932562809971e-10,-2.525503161663042e-10,-1.8355616975426308e-10,-1.3509807792716302e-10,-1.0273342063648413e-10,-7.777115618363186e-11,-5.611302347882341e-11,-4.2868604691308886e-11,-3.5505890366134187e-11,-2.8421546230952286e-11,-2.2420979589969716e-11,-1.644559667689521e-11,-1.1699597356894533e-11,-4.2815359303163383e-10,-3.5205099765413724e-10,-2.960025527775467e-10,-2.418092613242529e-10,-1.9460608674902276e-10,-1.5546827784283298e-10,-1.2363413486129032e-10,-9.837362344619254e-11,-8.228783276604183e-11,-6.661159611713067e-11,-5.3239746198155275e-11,-4.536932869399117e-11,-3.514308985594342e-11,-2.636913622627733e-11,-1.957524550696345e-11,-1.3741875646453115e-11,-9.3064026707543e-12,-6.187895137163598e-12,-4.601490876540569e-12,-3.0483787291104928e-12,-1.9440944230838173e-12,-1.2184574006369769e-12,-7.244492105357609e-13
67,-1.8050130265237954e-09,-1.2601996088142039e-09,-8.546383472427472e-10,-6.208943692622996e-10,-4.5518593049450467e-10,-3.2875525727607117e-10,-2.4054979052176165e-10,-1.758584012398186e-10,-1.3012570229306925e-10,-9.937934589088965e-11,-7.554627801774378e-11,-5.4746657798264324e-11,-4.194431404806254e-11,-3.478886915854503e-11,-2.790250316941096e-11,-2.204450130556487e-11,-1.62011258849725e-11,-1.1546814459780998e-11,-4.0722422795177015e-10,-3.3674941505231755e-10,-2.843689394846103e-10,-2.3342064859338217e-10,-1.8865461242994983e-10,-1.512420467714738e-10,-1.2063650290032444e-10,-9.624660068642946e-11,-8.062906663928067e-11,-6.537597434797963e-11,-5.235482086318534e-11,-4.4662139521751116e-11,-3.4659804785754396e-11,-2.605383166109102e-11,-1.9372917955569316e-11,-1.362414766574695e-11,-9.244215428162397e-12,-6.15853550316941e-12,-4.583973194429648e-12,-3.0411501457374215e-12,-1.9419369337590312e-12,-1.2181578282614228e-12,-7.245533033685105e-13
